,ds,y,unique_id,12-day EMA,26-day EMA,MACD,Signal Line,MACD Histogram,RSI,OBV,TimeLLM
0,2023-02-21,146.99755859375,AAPL,149.45572093766273,145.80592443864748,3.649796499015253,4.025090559840135,-0.3752940608248822,56.786658134136864,866785700.0,147.04231
1,2023-02-22,147.42327880859375,AAPL,149.14303753319058,145.9257284660509,3.2173090671396665,3.863534261300041,-0.6462251941603747,55.82362660198045,917797000.0,151.98097
2,2023-02-23,147.9083709716797,AAPL,148.95308883141968,146.07259087387527,2.8804979575444065,3.666927000548914,-0.7864290430045076,47.787116066142055,966191200.0,134.36151
3,2023-02-24,145.24525451660156,AAPL,148.38265278298613,146.0113066992624,2.371346083723722,3.407810817183876,-1.0364647334601536,35.41924728611052,910721600.0,142.7879
4,2023-02-27,146.44314575195312,AAPL,148.08426708590412,146.04329477723948,2.040972308664635,3.134443115480028,-1.0934708068153929,42.65152685188233,955720100.0,132.65904
5,2023-02-28,145.9382781982422,AAPL,147.75411494934076,146.03551577138785,1.7185991779529104,2.8512743279746045,-1.132675150021694,34.04079729113742,905173100.0,133.7493
6,2023-03-01,143.85922241210938,AAPL,147.15490071284364,145.87430885588574,1.2805918569578978,2.537137833771263,-1.256545976813365,35.04009277260086,849694100.0,132.61987
7,2023-03-02,144.45321655273438,AAPL,146.73925699590376,145.769042759356,0.9702142365477472,2.22375311432656,-1.2535388777788126,38.667827607649215,901932200.0,137.67035
8,2023-03-03,149.52212524414062,AAPL,147.16739057255558,146.04704886934005,1.12034170321553,2.003070832104354,-0.8827291288888239,50.03910324821659,972664500.0,146.40228
9,2023-03-06,152.29415893554688,AAPL,147.9561241668619,146.50979776313315,1.4463264037287615,1.891721946429236,-0.4453955427004741,49.960925943667085,1060222500.0,128.81981
10,2023-03-07,150.08642578125,AAPL,148.28386287676778,146.77473317188256,1.5091297048852257,1.8152034981204337,-0.3060737932352082,47.05447731592009,1004040500.0,145.91768
11,2023-03-08,151.34371948242188,AAPL,148.7546100468684,147.11317660229287,1.64143344457554,1.7804494874114551,-0.139016042835915,45.32311913562195,1051245300.0,140.42836
12,2023-03-09,149.08648681640625,AAPL,148.8056680114127,147.25934772926425,1.5463202821484572,1.7336236463588557,-0.1873033642103982,44.213596584503584,997411700.0,154.69656
13,2023-03-10,147.01736450195312,AAPL,148.5305443945728,147.24142304575972,1.2891213488130688,1.6447231868496983,-0.3556018380366295,42.73929937006194,928839300.0,140.84583
14,2023-03-13,148.9676971435547,AAPL,148.59779866364693,147.36929520115194,1.2285034624949844,1.5614792419787555,-0.3329757794837711,53.85811553399857,1013296400.0,148.98027
15,2023-03-14,151.0665283203125,AAPL,148.97760322621085,147.64316432108976,1.3344389051210896,1.5160711746072226,-0.1816322694861329,56.69579458646954,1086992300.0,143.57222
16,2023-03-15,151.46255493164062,AAPL,149.35990348858465,147.92608214409353,1.433821344491122,1.4996212085840026,-0.0657998640928807,56.55355936037472,1164160200.0,147.14307
17,2023-03-16,154.29397583007812,AAPL,150.1189915411221,148.39777797268496,1.7212135684371503,1.5439396805546322,0.1772738878825182,66.58201599098054,1240321300.0,146.73094
18,2023-03-17,153.45245361328125,AAPL,150.63183185991582,148.7721983905069,1.8596334694089196,1.6070784383254897,0.2525550310834297,63.01472479824658,1141376700.0,153.09569
19,2023-03-20,155.8284912109375,AAPL,151.43131791391914,149.29488674757584,2.1364311663433,1.712948983929052,0.423482182414248,67.17077980530962,1215018100.0,133.7162
20,2023-03-21,157.68972778320312,AAPL,152.3941502015013,149.916726824289,2.477423377212318,1.8658438625857052,0.6115795146266128,74.19466433759072,1288956400.0,140.2814
21,2023-03-22,156.25421142578125,AAPL,152.98800577446747,150.38617012810323,2.6018356463642363,2.013042219341412,0.5887934270228246,70.05386141653554,1213254600.0,147.0455
22,2023-03-23,157.34323120117188,AAPL,153.6580404554989,150.90150798536757,2.756532470131333,2.161740269499396,0.5947922006319368,65.36964093805173,1280876700.0,127.77251
23,2023-03-24,158.65005493164062,AAPL,154.42604268259765,151.47547442583223,2.950568256765422,2.319505866952601,0.6310623898128207,63.2535165377821,1340073200.0,134.3492
24,2023-03-27,156.69970703125,AAPL,154.77583719777493,151.86245461882612,2.913382578948813,2.438281209351844,0.475101369596969,63.93985709176334,1287682900.0,134.27135
25,2023-03-28,156.0760040283203,AAPL,154.9758628640127,152.17456938989977,2.8012934741129243,2.51088366230406,0.2904098118088645,60.24873086717412,1241690700.0,154.09213
26,2023-03-29,159.1648712158203,AAPL,155.6203256873677,152.69236952515317,2.9279561622145422,2.5942981622861563,0.3336579999283859,71.06790690909277,1292996400.0,145.33156
27,2023-03-30,160.73898315429688,AAPL,156.40781145151067,153.2884149791638,3.119396472346864,2.6993178242982983,0.4200786480485656,79.2899103772909,1342498100.0,142.7767
28,2023-03-31,163.25363159179688,AAPL,157.46101455001624,154.02657917269218,3.434435377324064,2.8463413349034514,0.5880940424206127,79.77711128851175,1411247900.0,148.85329
29,2023-04-03,164.51095581054688,AAPL,158.54562089779017,154.80319966438512,3.7424212334050537,3.025557314603772,0.7168639188012818,79.04189761466534,1468224100.0,136.95018
30,2023-04-04,163.97633361816406,AAPL,159.38111516246306,155.48269106836872,3.898424094094338,3.2001306705018857,0.6982934235924523,76.87066805852352,1421945800.0,147.72859
31,2023-04-05,162.125,AAPL,159.8032512913149,155.97471395219327,3.828537339121624,3.325812004225834,0.5027253348957901,67.55432388280653,1370434100.0,152.58646
32,2023-04-06,163.0160369873047,AAPL,160.29752601377487,156.4962934362756,3.8012325774992632,3.42089611888052,0.3803364586187432,71.39061031389737,1415824200.0,135.08572
33,2023-04-10,160.4122772216797,AAPL,160.31518004576023,156.7863663092685,3.528813736491742,3.442479642402765,0.0863340940889769,60.14904487089827,1368107300.0,138.4399
34,2023-04-11,159.194580078125,AAPL,160.14278005073942,156.96475251436897,3.1780275363704504,3.389589221196302,-0.2115616848258517,53.42965762542583,1320463100.0,139.01378
35,2023-04-12,158.50155639648438,AAPL,159.89028410393095,157.07858983897012,2.8116942649608347,3.274010229949209,-0.4623159649883743,55.30126223614629,1270330000.0,130.31435
36,2023-04-13,163.9070587158203,AAPL,160.50824942883702,157.58440234836644,2.92384708047058,3.2039776000534834,-0.2801305195829036,62.86379183819207,1338775600.0,142.7541
37,2023-04-14,163.56053161621094,AAPL,160.97783130381762,158.02707859042897,2.9507527133886526,3.1533326227205176,-0.2025799093318649,59.99995028193252,1289389100.0,129.06918
38,2023-04-17,163.58033752441406,AAPL,161.37821687621707,158.4384311040575,2.939785772159553,3.110623252608325,-0.170837480448772,65.20785428918899,1330905300.0,141.54529
39,2023-04-18,164.80795288085938,AAPL,161.90586856923895,158.91024753196876,2.9956210372701837,3.087622809540697,-0.0920017722705135,68.79788927497043,1380828300.0,155.14583
40,2023-04-19,165.95639038085938,AAPL,162.5290257710267,159.432184039294,3.096841731732724,3.0894665939791026,0.007375137753621,65.95343389036125,1428548500.0,139.5879
41,2023-04-20,164.9861602783203,AAPL,162.9070464644565,159.8435896866293,3.063456777827213,3.084264630748725,-0.0208078529215121,60.26802677021397,1376092100.0,141.20248
42,2023-04-21,163.37245178222656,AAPL,162.97864728257497,160.10498687889577,2.873660403679196,3.04214378533482,-0.1684833816556237,50.30034489328827,1317754800.0,137.41513
43,2023-04-24,163.67935180664062,AAPL,163.08644797858508,160.3697546513213,2.7166933272637834,2.9770536937206127,-0.2603603664568292,47.79183440621819,1359704400.0,152.47098
44,2023-04-25,162.13490295410156,AAPL,162.94005643635683,160.50050637745315,2.4395500589037056,2.8695529667572317,-0.4300029078535257,45.35930400327326,1310990300.0,158.50375
45,2023-04-26,162.125,AAPL,162.81466313845578,160.62083923838256,2.1938239000732267,2.73440715342043,-0.5405832533472035,50.0,1265491500.0,147.09416
46,2023-04-27,166.72860717773438,AAPL,163.4168083752679,161.07326649314936,2.343541882118529,2.65623409916005,-0.3126922170415205,58.54990958370553,1330393800.0,134.03627
47,2023-04-28,167.9859161376953,AAPL,164.11974803102595,161.5853146149676,2.534433416058363,2.631873962539713,-0.0974405464813501,68.59500292966848,1385603000.0,137.34192
48,2023-05-01,167.89678955078125,AAPL,164.70083134175755,162.05283127687972,2.6480000648778343,2.6350991830073376,0.0129008818704967,72.61942157282692,1333130100.0,134.9783
49,2023-05-02,166.85728454589844,AAPL,165.03259337316385,162.40871670421444,2.623876668949407,2.632854680195752,-0.0089780112463446,71.33454421065836,1284704400.0,136.63979
50,2023-05-03,165.7781524658203,AAPL,165.14729477203406,162.6583045384075,2.4889902336265664,2.604081790881915,-0.1150915572553485,56.1322179481794,1219568400.0,136.03046
51,2023-05-04,164.1347198486328,AAPL,164.99151401458772,162.76766863546123,2.2238453791264874,2.52803450853083,-0.3041891294043424,51.73437632509485,1138333000.0,140.90968
52,2023-05-05,171.8370819091797,AAPL,166.04467830606342,163.43947702610706,2.6052012799563613,2.543467862815936,0.0617334171404251,67.03424767929727,1251649400.0,138.19882
53,2023-05-08,171.7677764892578,AAPL,166.92515494963178,164.05638809745156,2.868766852180215,2.608527660688792,0.260239191491423,65.07930105838332,1195686600.0,147.95807
54,2023-05-09,170.05502319335938,AAPL,167.40667314097448,164.5007314378892,2.90594170308529,2.668010469168092,0.2379312339171977,58.66821911159532,1150359700.0,152.31604
55,2023-05-10,171.82716369628906,AAPL,168.08674861102287,165.04343012369657,3.043318487326303,2.7430720727997344,0.3002464145265686,63.993425463407455,1204084200.0,150.26955
56,2023-05-11,172.01527404785156,AAPL,168.69113713976574,165.5598630069673,3.1312741327984384,2.820712484799475,0.3105616479989632,68.77402204824628,1253598900.0,149.36787
57,2023-05-12,171.08335876464844,AAPL,169.05917123590154,165.96901084086963,3.090160395031916,2.8746020668459638,0.2155583281859523,65.65789227420197,1208101100.0,141.36256
58,2023-05-15,170.58766174316406,AAPL,169.29432362163422,166.31113312992846,2.983190491705756,2.896319751817922,0.0868707398878338,68.70551210881047,1170834400.0,137.30931
59,2023-05-16,170.58766174316406,AAPL,169.4932987172542,166.62791302720518,2.86538569004901,2.8901329394641397,-0.0247472494151295,68.7356385519539,1170834400.0,160.01422
60,2023-05-17,171.2023162841797,AAPL,169.7562244967812,166.966757712907,2.7894667838741896,2.8699997083461497,-0.0805329244719601,62.02904639562277,1228786000.0,138.70784
61,2023-05-18,173.54200744628906,AAPL,170.33865264285933,167.45381324871306,2.884839394146269,2.872967645506174,0.0118717486400949,64.11764523428087,1294282700.0,137.20088
62,2023-05-19,173.65106201171875,AAPL,170.8482540842223,167.9128687126394,2.935385371582896,2.885451190721519,0.0499341808613773,64.60641778835428,1350055100.0,155.70255
63,2023-05-22,172.69931030273438,AAPL,171.1330319639934,168.26741994153534,2.865612022458066,2.8814833570688285,-0.0158713346107624,64.89552670832681,1306484200.0,148.85901
64,2023-05-23,170.08206176757812,AAPL,170.97134424146796,168.40183785457555,2.5695063868924137,2.819087963033546,-0.2495815761411322,60.17563239422698,1255736900.0,140.43431
65,2023-05-24,170.35964965820312,AAPL,170.87723738250415,168.54686095114056,2.330376431363589,2.721345656699554,-0.3909692253359651,65.73360659215041,1300880400.0,136.50406
66,2023-05-25,171.49977111816406,AAPL,170.9730118033749,168.76559503758676,2.207416765788139,2.618559878517272,-0.4111431127291327,48.72424364141701,1356938700.0,145.35356
67,2023-05-26,173.91871643066406,AAPL,171.42619713065017,169.14730773337024,2.278889397279926,2.550625782269803,-0.271736384989877,56.907467262003934,1411773700.0,135.81363
68,2023-02-21,132.71881103515625,JPM,134.4413204828981,133.1391672747404,1.302153208157705,1.6043335755356438,-0.3021803673779388,49.049004313623165,-222202600.0,129.83348
69,2023-02-22,131.70176696777344,JPM,134.01985071134047,133.03269317792802,0.987157533412443,1.4808983671110036,-0.4937408336985607,47.146794596426254,-233310100.0,129.22957
70,2023-02-23,132.7568359375,JPM,133.82554074613424,133.0122593082667,0.8132814378675448,1.347374981262312,-0.5340935433947671,51.971903422568325,-225242100.0,132.5194
71,2023-02-24,133.9544677734375,JPM,133.84537567341167,133.08205252790898,0.7633231455026817,1.230564614110386,-0.4672414686077042,49.5460028571845,-216115200.0,130.65721
72,2023-02-27,135.1235809326172,JPM,134.04202263636637,133.23327685418366,0.8087457821827115,1.146200847724851,-0.3374550655421395,50.66592427616926,-206100500.0,127.01668
73,2023-02-28,136.2547149658203,JPM,134.38243684089775,133.4570870846753,0.925349756222488,1.1020306294243785,-0.1766808732018905,49.14199648257589,-195080700.0,132.67055
74,2023-03-01,135.49429321289062,JPM,134.55349166735817,133.60799124232085,0.9455004250373236,1.0707245885469676,-0.125224163509644,49.73944632110848,-202219900.0,132.62128
75,2023-03-02,134.08755493164062,JPM,134.4818090926324,133.64351447856674,0.83829461406566,1.024238593650706,-0.1859439795850461,51.96617619494818,-213326700.0,132.23857
76,2023-03-03,136.5493621826172,JPM,134.7998941833993,133.85876245664454,0.9411317267547474,1.0076172202715146,-0.0664854935167671,57.081184929616825,-203813600.0,130.74681
77,2023-03-06,135.75091552734375,JPM,134.94620515939073,133.998921943363,0.9472832160277278,0.9955504194227572,-0.0482672033950294,50.7018500574622,-213074900.0,132.73875
78,2023-03-07,131.7587890625,JPM,134.45583345217676,133.8329861744102,0.6228472777665672,0.9210097910915191,-0.298162513324952,39.28899661212427,-224822500.0,131.6851
79,2023-03-08,130.97940063476562,JPM,133.92099763411352,133.62160946776984,0.2993881663436752,0.7966854661419506,-0.4972972997982753,36.11116065854485,-234825000.0,136.13596
80,2023-03-09,123.88863372802734,JPM,132.37755703317717,132.900648301863,-0.5230912686858176,0.532730119176397,-1.055821387862215,28.803548335369143,-260713100.0,128.92648
81,2023-03-10,127.03480529785156,JPM,131.55559522774246,132.46614141267696,-0.9105461849345032,0.2440748583542169,-1.1546210432887205,35.66906564993771,-223113400.0,131.40878
82,2023-03-13,124.75357818603516,JPM,130.5091310674798,131.89484043292572,-1.385709365445905,-0.0818819864058074,-1.3038273790400976,35.92072595947023,-266014500.0,129.6151
83,2023-03-14,127.9567642211914,JPM,130.1164592449739,131.60313108390838,-1.486671838934484,-0.3628399569115427,-1.1238318820229412,43.855257653184495,-236366400.0,129.40231
84,2023-03-15,121.9115982055664,JPM,128.8541729312189,130.88523975958677,-2.031066828367869,-0.6964853312028081,-1.3345814971650614,34.70922061189063,-270647000.0,131.6972
85,2023-03-16,124.27832794189452,JPM,128.15019677901515,130.39583888420216,-2.245642105187017,-1.00631668599965,-1.2393254191873666,36.79292968737797,-246088500.0,130.60156
86,2023-03-17,119.58284759521484,JPM,126.83214305843047,129.5948765664994,-2.7627335080689197,-1.3576000504135035,-1.4051334576554155,30.65089472353345,-284484500.0,129.30966
87,2023-03-20,120.84703063964844,JPM,125.91135653246404,128.94688797932525,-3.035531446861228,-1.6931863297030487,-1.342345117158179,30.87989468924465,-261609000.0,133.07664
88,2023-03-21,124.08824157714844,JPM,125.63087730856932,128.58698824583067,-2.956110937261343,-1.945771251214708,-1.0103396860466352,36.66664645129207,-243801200.0,130.20714
89,2023-03-22,120.8850555419922,JPM,124.90075088294208,128.01647471221298,-3.1157238292709053,-2.179761766825948,-0.9359620624449576,35.18872229900657,-261051400.0,127.395294
90,2023-03-23,120.56187438964844,JPM,124.23323142243537,127.46428209572672,-3.231050673291364,-2.390019548119031,-0.8410311251723326,31.16036051068751,-277729000.0,132.36168
91,2023-03-24,118.72740936279295,JPM,123.38618187479808,126.81710633773164,-3.430924462933561,-2.598200531081937,-0.832723931851624,30.41765683962244,-300040100.0,131.08589
92,2023-03-27,122.13021087646484,JPM,123.1929555673622,126.46992889615632,-3.276973328794128,-2.7339550906243755,-0.5430182381697524,38.7718988262085,-281186200.0,132.42622
93,2023-03-28,122.50090789794922,JPM,123.0864866951448,126.17592734073358,-3.0894406455887804,-2.8050522016172565,-0.2843884439715238,40.01789299236045,-270365700.0,129.10983
94,2023-03-29,122.7480239868164,JPM,123.03441550924812,125.92200857377676,-2.8875930645286445,-2.8215603741995343,-0.0660326903291101,48.39913530905591,-255770400.0,129.98805
95,2023-03-30,122.37733459472656,JPM,122.93332613778324,125.65944013088416,-2.7261139931009097,-2.8024710979798093,0.0763571048788995,42.910856632694056,-267905100.0,132.41321
96,2023-03-31,123.86012268066406,JPM,123.07591022130336,125.5261573567938,-2.4502471354904145,-2.7320263054819307,0.2817791699915162,48.60619194648478,-254799900.0,130.97179
97,2023-04-03,123.71754455566406,JPM,123.1746231958204,125.39218603819158,-2.21756284237118,-2.629133612859781,0.4115707704886011,42.68854809434044,-266575300.0,129.5818
98,2023-04-04,122.06366729736328,JPM,123.00370690375009,125.14562909442652,-2.1419221906764534,-2.531691328423116,0.3897691377466623,50.30909628879754,-278155200.0,131.214
99,2023-04-05,122.24568176269533,JPM,122.88708765128013,124.93081818096496,-2.0437305296848507,-2.4340991686754627,0.390368638990612,45.46573161695002,-268540500.0,129.54195
100,2023-04-06,122.111572265625,JPM,122.76777759194856,124.72198515019905,-1.954207558250488,-2.338120846590468,0.38391328833998,57.08211272149965,-277300700.0,129.6328
101,2023-04-10,122.51390075683594,JPM,122.72871961731585,124.55842334328328,-1.82970372596742,-2.2364374224658583,0.4067336964984385,54.90514357558205,-267823400.0,128.52956
102,2023-04-11,123.117431640625,JPM,122.78852146705572,124.45168321716044,-1.6631617501047202,-2.1217822879936308,0.4586205378889105,46.61817953738962,-257307100.0,128.8587
103,2023-04-12,123.0982666015625,JPM,122.83617456467216,124.35143013452355,-1.515255569851405,-2.000476944365186,0.485221374513781,59.90752656442539,-269128100.0,131.2351
104,2023-04-13,123.56766510009766,JPM,122.94871157012224,124.29337346530684,-1.3446618951846006,-1.8693139345290688,0.5246520393444682,63.281670872796,-256677900.0,130.11258
105,2023-04-14,132.8982391357422,JPM,124.47940811867916,124.93077092237613,-0.4513628036969663,-1.5857237083626483,1.134360904665682,87.66499992091441,-212746600.0,133.36685
106,2023-04-17,133.9519805908203,JPM,125.93672696054702,125.5990086755942,0.337718284952814,-1.201035309699556,1.53875359465237,85.90491091103988,-196696100.0,131.87572
107,2023-04-18,135.4559783935547,JPM,127.40122718100974,126.32915458062833,1.072072600381432,-0.7464137276833585,1.8184863280647905,86.81273416521739,-182936000.0,129.61937
108,2023-04-19,135.2835693359375,JPM,128.6138952048448,126.99244456250308,1.6214506423417276,-0.2728408536783412,1.894291496020069,85.77250375456285,-192094100.0,131.2233
109,2023-04-20,134.8907928466797,JPM,129.57957176512707,127.577507398368,2.002064366759072,0.1821401904091414,1.8199241763499303,85.66451570255985,-202680300.0,131.6289
110,2023-04-21,134.63214111328125,JPM,130.35689012638156,128.10007285873195,2.256817267649609,0.597075605857235,1.659741661792374,83.00422069543298,-214522800.0,128.87321
111,2023-04-24,134.81414794921875,JPM,131.04262209912574,128.59741175432356,2.4452103448021774,0.9667025536462236,1.478507791155954,83.91676522933076,-206955300.0,130.53204
112,2023-04-25,131.88279724121094,JPM,131.1718798132927,128.84077364224115,2.3311061710515446,1.239583277127288,1.0915228939242567,77.83822671205527,-217584600.0,129.22821
113,2023-04-26,129.5453643798828,JPM,130.92164666969117,128.89296554873312,2.028681120958055,1.397402845893441,0.6312782750646135,68.44148354656014,-232000700.0,132.4221
114,2023-04-27,131.2888641357422,JPM,130.97814166446827,129.0704395181412,1.907702146327068,1.4994627059801668,0.4082394403469014,71.44140540609914,-222959600.0,129.06189
115,2023-04-28,132.4288330078125,JPM,131.2013249480597,129.319209406265,1.8821155417946895,1.5759932731430717,0.3061222686516183,72.39295897837778,-213077800.0,132.816
116,2023-05-01,135.26438903808594,JPM,131.82641173114064,129.7595930826962,2.066818648444439,1.674158348203345,0.392660300241094,74.92140673338146,-192662000.0,129.89178
117,2023-05-02,133.0802459716797,JPM,132.0193093066082,130.00556737076906,2.0137419358391355,1.742075065730503,0.2716668701086324,68.80872163865969,-206775400.0,130.5439
118,2023-05-03,130.26382446289062,JPM,131.74923471526702,130.02469752574103,1.7245371895259891,1.7385674904896005,-0.0140303009636111,61.59205809454602,-219706300.0,129.8997
119,2023-05-04,128.48202514648438,JPM,131.24658708930048,129.91042549764796,1.3361615916525125,1.658086310722183,-0.3219247190696706,39.64970328202905,-236795500.0,133.20395
120,2023-05-05,130.99188232421875,JPM,131.20740174082636,129.99053341072727,1.2168683300990892,1.5698427145975644,-0.3529743844984752,43.5056713603833,-225536400.0,131.3075
121,2023-05-08,131.30801391601562,JPM,131.2228805370093,130.08812455926716,1.1347559777421452,1.4828253672264808,-0.3480693894843356,40.39912157088781,-218051500.0,133.97627
122,2023-05-09,130.67576599121094,JPM,131.13870906842493,130.13165355422595,1.0070555141989814,1.387671396620981,-0.3806158824219996,39.55707562013909,-225395100.0,130.67429
123,2023-05-10,130.74281311035156,JPM,131.0778019979521,130.17692463245749,0.9008773654946084,1.290312590395707,-0.3894352249010984,40.45832286180816,-217261700.0,131.40427
124,2023-05-11,130.3308868408203,JPM,130.96289197377797,130.18832924048436,0.7745627332936067,1.1871626189752866,-0.4125998856816799,40.17502438058671,-224319000.0,132.63849
125,2023-05-12,128.46286010742188,JPM,130.57827168664627,130.06051671210938,0.5177549745368992,1.053281090087609,-0.5355261155507098,36.52984586786863,-234305400.0,130.20403
126,2023-05-15,129.5453643798828,JPM,130.4193628702211,130.0223572800926,0.397005590128515,0.9220259900957904,-0.5250203999672753,44.62079456580366,-226665900.0,132.351
127,2023-05-16,128.6736297607422,JPM,130.15078854568588,129.92245153791848,0.2283370077674078,0.7832881936301139,-0.5549511858627061,47.848723015839546,-233143100.0,130.93103
128,2023-05-17,132.63002014160156,JPM,130.53220879121136,130.12301217522833,0.4091966159830349,0.7084698781006982,-0.2992732621176632,52.98382716384672,-220431600.0,132.13062
129,2023-05-18,133.63584899902344,JPM,131.0096919001055,130.38322231032427,0.6264695897812373,0.692069820436806,-0.0656002306555686,52.70151477170504,-209432000.0,132.11945
130,2023-05-19,133.3292999267578,JPM,131.36655467343664,130.60145028191195,0.7651043915246873,0.7066767346543823,0.058427656870305,45.11602793790071,-222922700.0,130.53076
131,2023-05-22,132.2276611328125,JPM,131.49903259026368,130.72191034494162,0.7771222453220616,0.7207658367879182,0.0563564085341434,47.72378224896425,-234325200.0,129.93163
132,2023-05-23,130.84820556640625,JPM,131.39890535582407,130.7312655465316,0.6676398092924671,0.710140631288828,-0.0425008219963608,51.6898283785978,-243840100.0,129.99355
133,2023-05-24,129.65072631835938,JPM,131.12995473467566,130.65122560370403,0.4787291309716295,0.6638583312253883,-0.1851292002537587,53.49767740921986,-252418100.0,129.35864
134,2023-05-25,129.96685791015625,JPM,130.9510167616727,130.60053170047826,0.3504850611944334,0.6011836772191973,-0.2506986160247638,46.46862153438541,-243945600.0,135.1997
135,2023-05-26,131.1834716796875,JPM,130.98677905675189,130.64371243967895,0.3430666170729353,0.5495602651899449,-0.2064936481170096,49.59599819431685,-235365700.0,132.33043
136,2023-02-21,249.21299743652344,MSFT,256.5501362481722,251.27538503538784,5.274751212784338,6.220661112152882,-0.9459098993685444,54.05035117369346,2169714600.0,253.71364
137,2023-02-22,248.06887817382807,MSFT,255.2453273136577,251.03786600860565,4.20746130505205,5.818021150732717,-1.6105598456806671,49.523642278155705,2147223500.0,259.13046
138,2023-02-23,251.2842712402344,MSFT,254.63593407159257,251.05611824798555,3.5798158236070208,5.370380085307578,-1.790564261700557,41.71128917849079,2176442600.0,246.04897
139,2023-02-24,245.81021118164065,MSFT,253.2781305500615,250.6675325393674,2.6105980106940763,4.8184236703848775,-2.207825659690801,42.23386470284533,2151451700.0,248.85191
140,2023-02-27,246.73733520507807,MSFT,252.27185434314097,250.37640681090156,1.8954475322394444,4.233828442755791,-2.3383809105163467,44.472500618942384,2172641700.0,246.58926
141,2023-02-28,246.0074615478516,MSFT,251.30810160540412,250.0527812358608,1.255320369543341,3.638126828113301,-2.38280645856996,30.13067477474021,2150150700.0,240.04529
142,2023-03-01,242.90057373046875,MSFT,250.014635778491,249.52298808731325,0.4916476911777465,3.0088310007261905,-2.517183309548444,28.619155238001653,2122585400.0,234.57208
143,2023-03-02,247.67434692382807,MSFT,249.6545913393121,249.38605170483288,0.2685396344792252,2.460772727476798,-2.1922330929975726,37.66149845829936,2147393600.0,240.66315
144,2023-03-03,251.7971343994141,MSFT,249.98421334855857,249.56465042295,0.4195629256085453,2.052530767103147,-1.6329678414946018,43.08079521656066,2178153700.0,243.55994
145,2023-03-06,253.35552978515625,MSFT,250.50287741572745,249.84545630163197,0.6574211140954844,1.7735088365016147,-1.1160877224061303,34.720628872526305,2202263500.0,242.82632
146,2023-03-07,250.67274475097656,MSFT,250.5290108519196,249.9067369275093,0.6222739244102797,1.5432618540833478,-0.920987929673068,31.529597104969582,2180790300.0,247.8941
147,2023-03-08,250.22889709472656,MSFT,250.48283950465915,249.9306006435995,0.5522388610596352,1.345057255478605,-0.7928183944189702,32.72884894801106,2163450100.0,250.70033
148,2023-03-09,248.8677978515625,MSFT,250.23437155802887,249.851874510856,0.3824970471728477,1.1525452138174537,-0.770048166644606,37.53489003508425,2136796700.0,250.17865
149,2023-03-10,245.18881225585935,MSFT,249.4581316653874,249.5064624919674,-0.0483308265799848,0.912370005737966,-0.9607008323179508,37.880728724708,2108462800.0,244.0911
150,2023-03-13,250.4458923339844,MSFT,249.61009484517157,249.57604988767235,0.0340449574991907,0.736704996090211,-0.7026600385910202,51.602152145264654,2141802500.0,243.75116
151,2023-03-14,257.221923828125,MSFT,250.7811454579336,250.1424109202985,0.6387345376351163,0.7171109043991921,-0.0783763667640757,60.37569144869529,2175422800.0,256.5152
152,2023-03-15,261.8082275390625,MSFT,252.47761962426117,251.00654548465133,1.471074139609783,0.8679035514413104,0.6031705881684727,61.57011844265788,2221450800.0,245.46738
153,2023-03-16,272.42108154296875,MSFT,255.54584453483156,252.5928074148971,2.953037119934436,1.2849302651399357,1.6681068547945004,76.28606483002692,2276219600.0,251.43295
154,2023-03-17,275.6068725585937,MSFT,258.63215653848727,254.29755298109683,4.334603557390437,1.894864923590036,2.4397386338004017,77.29902687029227,2345747000.0,243.27885
155,2023-03-20,268.50537109375,MSFT,260.1511126239123,255.34998395240447,4.801128671507826,2.476117673173594,2.3250109983342315,68.98617909106244,2302280400.0,242.10162
156,2023-03-21,270.0342102050781,MSFT,261.6715891748609,256.43770441556546,5.233884759295449,3.0276710903979653,2.206213668897484,73.52488420321812,2336839100.0,250.84702
157,2023-03-22,268.5645751953125,MSFT,262.7320485626227,257.3359911399912,5.396057422631543,3.501348356844681,1.894709065786862,69.21260783973622,2301965800.0,254.01564
158,2023-03-23,273.861083984375,MSFT,264.4442078582769,258.560072091427,5.884135766849909,3.977905838845727,1.9062299280041817,69.86323875701369,2338576700.0,244.49379
159,2023-03-24,276.7312927246094,MSFT,266.3345286069434,259.9060884346257,6.428440172317721,4.468012705540126,1.9604274667775956,70.55862632044828,2366748700.0,242.27638
160,2023-03-27,272.5986022949219,MSFT,267.2982322512478,260.8462746464995,6.451957604748259,4.864801685381753,1.5871559193665057,68.80389359509783,2339908500.0,238.50946
161,2023-03-28,271.46435546875,MSFT,267.9391742847097,261.6327991518514,6.306375132858307,5.153116374877064,1.1532587579812423,67.99866014327155,2318029900.0,252.49199
162,2023-03-29,276.6720886230469,MSFT,269.2826995675308,262.74682059416216,6.5358789733686535,5.429668894575382,1.1062100787932714,72.1236430285432,2343116900.0,253.50261
163,2023-03-30,280.16363525390625,MSFT,270.956689673127,264.03695501340246,6.919734659724554,5.727682047605217,1.1920526121193369,77.9124351481066,2368170300.0,240.4857
164,2023-03-31,284.35546875,MSFT,273.01804030033827,265.54203010500225,7.476010195336016,6.077347677151377,1.398662518184639,77.53038714277857,2400936300.0,251.9671
165,2023-04-03,283.3002014160156,MSFT,274.5999112412117,266.8574502021144,7.74246103909735,6.410370349540573,1.332090689556777,73.3404603888488,2376053000.0,248.6758
166,2023-04-04,283.2508239746094,MSFT,275.9308208925037,268.07177418526214,7.859046707241532,6.700105621080764,1.158941086160768,70.88780243020315,2350228700.0,246.23029
167,2023-04-05,280.4496459960937,MSFT,276.6260247545944,268.9886535786571,7.637371175937346,6.8875587320520815,0.7498124438852649,59.224766189976606,2328163900.0,246.77483
168,2023-04-06,287.6103820800781,MSFT,278.3159258815919,270.3680408750586,7.947885006533284,7.0996239869483215,0.848261019584962,62.63758719183649,2357934200.0,245.87822
169,2023-04-10,285.4306335449219,MSFT,279.410496291335,271.48378848023367,7.926707811101323,7.265040751778923,0.6616670593224008,69.87954139272603,2334831200.0,248.20634
170,2023-04-11,278.9603576660156,MSFT,279.341244195132,272.03760841992124,7.303635775210751,7.272759756465288,0.0308760187454621,59.39377199969168,2307554600.0,246.7962
171,2023-04-12,279.611328125,MSFT,279.3827955689578,272.5986246943715,6.784170874586323,7.175041980089496,-0.390871105503173,61.82930352271286,2334958000.0,249.47897
172,2023-04-13,285.8744506835937,MSFT,280.38151174044026,273.58201921209167,6.799492528348594,7.099932089741316,-0.3004395613927215,62.60347777533028,2359180700.0,250.71039
173,2023-04-14,282.2250366210937,MSFT,280.6651309528485,274.2222427238696,6.442888228978859,6.968523317588825,-0.5256350886099659,55.67088641090309,2338192800.0,245.06677
174,2023-04-17,284.8486633300781,MSFT,281.3087513185761,275.0093849909962,6.299366327579946,6.8346919195870495,-0.5353255920071032,63.05167476062772,2362029000.0,250.65411
175,2023-04-18,284.424560546875,MSFT,281.78810658446827,275.7068054025427,6.081301181925539,6.684013772054748,-0.602712590129209,64.02045028662889,2341867200.0,247.78447
176,2023-04-19,284.50347900390625,MSFT,282.2058561874587,276.3584108544956,5.8474453329631615,6.516700084236431,-0.6692547512732698,59.52953007224231,2359017500.0,241.83043
177,2023-04-20,282.1954345703125,MSFT,282.2042528617439,276.7907829815931,5.413469880150785,6.296054043419303,-0.8825841632685174,52.54569230533931,2335773100.0,251.71255
178,2023-04-21,281.85028076171875,MSFT,282.1497956155862,277.16556059493576,4.984235020650431,6.033690238865529,-1.0494552182150985,46.526355521101685,2314096700.0,244.0883
179,2023-04-24,277.91485595703125,MSFT,281.49826643734696,277.221063955091,4.277202482255973,5.682392687543619,-1.4051902052876457,43.08508929152211,2287485700.0,250.25337
180,2023-04-25,271.6517639160156,MSFT,279.9834198956037,276.8085232114558,3.174896684147882,5.180893486864472,-2.0059968027165898,37.15605569072722,2241713500.0,251.24405
181,2023-04-26,291.3287658691406,MSFT,281.72885773768627,277.8840967416547,3.844760996031596,4.913666988697897,-1.0689059926663012,58.76929253212778,2306312700.0,243.5443
182,2023-04-27,300.6593322753906,MSFT,284.64123843579466,279.5711512256351,5.070087210159556,4.944951032990229,0.1251361771693275,60.16281882104191,2352775300.0,243.9423
183,2023-04-28,303.0561218261719,MSFT,287.4742974189296,281.31077867752674,6.163518741402868,5.188664574672757,0.9748541667301112,63.68087928747394,2389222000.0,243.39659
184,2023-05-01,301.3793640136719,MSFT,289.61353843350537,282.79734055427826,6.816197879227104,5.5141712355836265,1.3020266436434778,68.8006404173359,2367927900.0,249.58871
185,2023-05-02,301.2314453125,MSFT,291.40090872258145,284.16282979562806,7.238078926953392,5.85895277385758,1.379126153095812,68.28496388164204,2341523500.0,249.59805
186,2023-05-03,300.2352600097656,MSFT,292.76003968984054,285.3533801818605,7.406659507980066,6.168494120682079,1.238165387297988,63.333342778050095,2319162700.0,238.53235
187,2023-05-04,301.2314453125,MSFT,294.0633328625574,286.5295331545004,7.533799708056961,6.441555238157055,1.0922444698999056,68.56103006829531,2341682600.0,239.32819
188,2023-05-05,306.39971923828125,MSFT,295.9612384588226,288.00139879033605,7.959839668486552,6.745212124222954,1.214627544263598,70.04957705339342,2369863800.0,251.44951
189,2023-05-08,304.4270935058594,MSFT,297.26367769682827,289.21811691741186,8.045560779416405,7.005281855261645,1.0402789241547603,68.08778263410822,2348545200.0,246.0422
190,2023-05-09,302.7996520996094,MSFT,298.1153660664869,290.2241565605376,7.891209505949291,7.182467385399174,0.7087421205501174,66.09403832638688,2327204400.0,252.17978
191,2023-05-10,308.0370483398437,MSFT,299.64177872392645,291.5436300256714,8.098148698255045,7.365603647970348,0.7325450502846973,71.61725136196307,2357282400.0,247.51257
192,2023-05-11,305.8670959472656,MSFT,300.5995198352094,292.6046275013451,7.9948923338643,7.491461385149138,0.5034309487151614,69.49555704741213,2325602200.0,246.24606
193,2023-05-12,304.7427062988281,MSFT,301.23693313730456,293.5037444493068,7.733188687997767,7.539806845718864,0.1933818422789031,72.81878341007126,2305844100.0,245.6434
194,2023-05-15,305.2260131835937,MSFT,301.8506377598106,294.37206065184654,7.478577107964043,7.5275608981679,-0.0489837902038576,81.67095697352869,2322180600.0,247.11844
195,2023-05-16,307.47479248046875,MSFT,302.71589233221954,295.3426333798926,7.373258952326921,7.496700508999705,-0.123441556672784,72.69193916826003,2348910900.0,252.67798
196,2023-05-17,310.38092041015625,MSFT,303.8951274211329,296.4565805673195,7.438546853813364,7.485069777962437,-0.0465229241490732,66.67388985372523,2373225900.0,236.97192
197,2023-05-18,314.84881591796875,MSFT,305.5803102667999,297.8189683710713,7.761341895728606,7.540324201515672,0.221017694212934,68.88448407473979,2400501900.0,241.65297
198,2023-05-19,314.6708984375,MSFT,306.97886229306147,299.0672594871031,7.911602805958353,7.614579922404209,0.2970228835541437,72.35795562464003,2372972400.0,246.55911
199,2023-05-22,317.4781799316406,MSFT,308.59414192976595,300.4310313718837,8.163110557882248,7.724286049499818,0.4388245083824307,75.08469576902816,2397088100.0,245.56474
200,2023-05-23,311.6263732910156,MSFT,309.0606390622659,301.26031595848605,7.800323103779874,7.739493460355829,0.0608296434240447,65.29444544605248,2366290900.0,237.9556
201,2023-05-24,310.232666015625,MSFT,309.2409509012443,301.9249344812372,7.316016420007145,7.654798052286093,-0.3387816322789483,61.9579724411045,2342906000.0,240.28778
202,2023-05-25,322.1635437011719,MSFT,311.2290421012332,303.4240907197508,7.804951381482397,7.684828718125354,0.1201226633570424,67.75225224296386,2386207700.0,241.33025
203,2023-05-26,329.05322265625,MSFT,313.97122372508187,305.32254493726924,8.648678787812628,7.877598732062809,0.7710800557498185,74.96740418501182,2422838300.0,253.36263
204,2023-02-21,20.63998794555664,NVDA,21.4217003039633,20.310738984988063,1.1109613189752352,1.3189820297431556,-0.2080207107679204,56.11999165790036,83149246000.0,21.372606
205,2023-02-22,20.738914489746094,NVDA,21.316656332545268,20.34245568904421,0.9742006435010532,1.2500257524947351,-0.275825108993682,48.792645990118565,83662430000.0,22.175108
206,2023-02-23,23.64679718017578,NVDA,21.67513953987304,20.58722172542433,1.087917814448705,1.2176041648855294,-0.1296863504368244,59.803421789380494,84780425000.0,15.464451
207,2023-02-24,23.269073486328125,NVDA,21.920360147019974,20.785877411417204,1.13448273560277,1.2009798790289776,-0.0664971434262076,61.22176382932525,84190709000.0,19.627783
208,2023-02-27,23.483917236328125,NVDA,22.16090739152892,20.98573221326245,1.175175178266464,1.195818938876475,-0.0206437606100109,62.12791490689822,84643703000.0,17.660795
209,2023-02-28,23.199125289916992,NVDA,22.32063322205016,21.149687255977604,1.1709459660725583,1.1908443443156915,-0.0198983782431332,55.70256344750691,84187740000.0,14.888174
210,2023-03-01,22.68150329589844,NVDA,22.376151694949897,21.263155110786556,1.1129965841633442,1.1752747922852222,-0.062278208121878,52.55944415729376,83727714000.0,15.340905
211,2023-03-02,23.29705238342285,NVDA,22.517828723945733,21.41381416801887,1.104014555926863,1.1610227450135504,-0.0570081890866873,54.82945528421226,84117129000.0,17.866581
212,2023-03-03,23.872634887695312,NVDA,22.726260441445667,21.59594903614305,1.130311405302617,1.154880477071364,-0.0245690717687467,63.64488547970257,84529522000.0,20.24723
213,2023-03-06,23.536880493164062,NVDA,22.850971218633116,21.739721736663125,1.1112494819699883,1.1461542780510887,-0.0349047960811004,59.36175435592917,84092093000.0,15.324654
214,2023-03-07,23.275026321411133,NVDA,22.91621046521435,21.85344800220001,1.0627624630143373,1.1294759150437383,-0.066713452029401,51.88552831146253,83576939000.0,20.33376
215,2023-03-08,24.16752815246582,NVDA,23.10872087863765,22.024861346664142,1.0838595319735056,1.1203526384296918,-0.0364931064561862,57.72576310027106,84090512000.0,16.741606
216,2023-03-09,23.422945022583008,NVDA,23.157063054629244,22.128423100435917,1.0286399541933309,1.1020101015824195,-0.073370147389089,57.831873899603046,83589255000.0,21.75257
217,2023-03-10,22.952205657958984,NVDA,23.12554653206459,22.18944403062281,0.9361025014417804,1.068828581554292,-0.1327260801125114,58.74645968636148,83114389000.0,16.47677
218,2023-03-13,22.953201293945312,NVDA,23.09903188004624,22.24601864272077,0.8530132373254702,1.0256655127085277,-0.1726522753830575,63.93611031312842,83536279000.0,19.24663
219,2023-03-14,24.04959297180176,NVDA,23.24527204800863,22.379616741171212,0.8656553068374144,0.9936634715343052,-0.1280081646968907,67.80544289340077,84011189000.0,20.387266
220,2023-03-15,24.214502334594727,NVDA,23.394384399791107,22.51553419253592,0.8788502072551871,0.9707008186784816,-0.0918506114232944,54.33108630974469,84535675000.0,18.440962
221,2023-03-16,25.526769638061523,NVDA,23.722443667217323,22.73858866998226,0.9838549972350634,0.973331654389798,0.0105233428452654,65.07465096785056,85118928000.0,19.220253
222,2023-03-17,25.710668563842773,NVDA,24.028324420544315,22.95874273619415,1.069581684350165,0.9925816603818716,0.0770000239682938,64.92972742923189,85967475000.0,19.958727
223,2023-03-20,25.88556861877441,NVDA,24.3140542971951,23.17554465342232,1.1385096437727815,1.0217672570600536,0.1167423867127281,68.2812198226898,86400222000.0,16.43282
224,2023-03-21,26.184404373168945,NVDA,24.601800462729532,23.398423151181326,1.2033773115482091,1.0580892679576848,0.1452880435905243,74.56878549307362,86947630000.0,16.593132
225,2023-03-22,26.45325469970703,NVDA,24.88663957611069,23.62470696959064,1.2619326065200518,1.0988579356701582,0.1630746708498935,73.26874320643576,87744925000.0,21.13003
226,2023-03-23,27.17585182189941,NVDA,25.2388260754628,23.887754736428324,1.3510713390344762,1.149300616343022,0.2017707226914542,73.8359016227831,88309814000.0,14.858752
227,2023-03-24,26.764083862304688,NVDA,25.47348111959232,24.100816153159904,1.372664966432417,1.193973486360901,0.178691480071516,73.03469449879461,87854894000.0,15.108285
228,2023-03-27,26.51622009277344,NVDA,25.633902500081724,24.27973496350165,1.354167536580075,1.226012296404736,0.1281552401753389,73.18084952846262,87493868000.0,14.799517
229,2023-03-28,26.395288467407227,NVDA,25.751038802747185,24.43644263045762,1.3145961722895656,1.243729071581702,0.0708671007078636,67.90938860276506,87137764000.0,21.111513
230,2023-03-29,26.96896743774414,NVDA,25.938412438900563,24.624037060626996,1.3143753782735708,1.257858332920076,0.0565170453534948,79.31261850711854,87531458000.0,19.945297
231,2023-03-30,27.36774635314941,NVDA,26.158309964169614,24.827274785999023,1.3310351781705947,1.2724937019701796,0.058541476200415,86.93982278573925,87895974000.0,17.386587
232,2023-03-31,27.76152801513672,NVDA,26.404958895087635,25.044626877046262,1.3603320180413725,1.2900613651844182,0.0702706528569543,87.7452066641353,88329907000.0,19.926727
233,2023-04-03,27.94942283630371,NVDA,26.6425687321978,25.25979694810237,1.3827717840954286,1.3086034489666205,0.0741683351288082,85.70647204407508,88728623000.0,18.287056
234,2023-04-04,27.43770408630371,NVDA,26.76489724821409,25.42112340278395,1.3437738454301424,1.315637528259325,0.0281363171708175,77.74906714150877,88360031000.0,17.701824
235,2023-04-05,26.866024017333984,NVDA,26.78045521269408,25.528153077935805,1.252302134758274,1.3029704495591148,-0.0506683148008406,63.214990546403925,87845016000.0,22.720789
236,2023-04-06,27.02193832397461,NVDA,26.81760646058339,25.638803836901644,1.1788026236817473,1.2781368843836414,-0.0993342607018941,63.01070897721377,88242670000.0,16.855911
237,2023-04-10,27.56363677978516,NVDA,26.9323803558452,25.781384054893014,1.1509963009521869,1.2527087676973503,-0.1017124667451636,65.52044475226131,88637949000.0,19.09766
238,2023-04-11,27.153865814208984,NVDA,26.96645504174732,25.883049370397902,1.0834056713494178,1.218848148427764,-0.1354424770783462,58.786243815383386,88323571000.0,18.07971
239,2023-04-12,26.480239868164062,NVDA,26.89165270734989,25.927285703565765,0.9643670037841297,1.167951919499037,-0.2035849157149076,50.22784971581594,87877312000.0,15.638949
240,2023-04-13,26.44825553894043,NVDA,26.823437758363823,25.965876061741668,0.857561696622156,1.105873874923661,-0.2483121783015049,43.045462732781104,87523697000.0,19.667753
241,2023-04-14,26.743093490600582,NVDA,26.811077101784864,26.023447723138624,0.7876293786462405,1.042224975668177,-0.2545955970219364,49.79478184592284,87919357000.0,14.055414
242,2023-04-17,26.986957550048828,NVDA,26.838135632287013,26.09481882142827,0.7433168108587438,0.9824433427062904,-0.2391265318475466,54.60589669438145,88240828000.0,17.932022
243,2023-04-18,27.651588439941406,NVDA,26.96328221808,26.21013508946628,0.753147128613719,0.9365840998877762,-0.1834369712740572,61.11010842199261,88845640000.0,20.677261
244,2023-04-19,27.915437698364254,NVDA,27.109767676585268,26.336453801236495,0.7733138753487694,0.9039300549799748,-0.1306161796312055,58.8553974554315,89204300000.0,17.288929
245,2023-04-20,27.08890151977539,NVDA,27.10655749861452,26.392190669276417,0.7143668293381005,0.8660174098516001,-0.1516505805134996,47.584415344080575,88776587000.0,18.794893
246,2023-04-21,27.1038875579834,NVDA,27.106146738517424,26.44490895732879,0.6612377811886354,0.8250614841190073,-0.1638237029303718,43.90282375018612,89121690000.0,18.563145
247,2023-04-24,27.026933670043945,NVDA,27.093960112598428,26.488021899011397,0.6059382135870344,0.7812368300126128,-0.1752986164255784,41.26769931636548,88782408000.0,21.882744
248,2023-04-25,26.226381301879883,NVDA,26.96048644941096,26.46864111403869,0.4918453353722718,0.7233585310845446,-0.2315131957122728,39.128093214477936,88403881000.0,23.143152
249,2023-04-26,26.940980911254883,NVDA,26.95748559738695,26.50362924716581,0.4538563502211374,0.6694580949118631,-0.2156017446907256,50.65592808842335,88810218000.0,20.696896
250,2023-04-27,27.21083068847656,NVDA,26.99646176524689,26.55601453911476,0.4404472261321359,0.6236559211559178,-0.1832086950237819,51.62063144307121,89187379000.0,17.334234
251,2023-04-28,27.73354148864746,NVDA,27.109858645770053,26.64323875759866,0.4666198881713939,0.5922487145590131,-0.1256288263876191,51.46248890561324,89479595000.0,16.181479
252,2023-05-01,28.89389419555664,NVDA,27.384325653429528,26.809953975225177,0.5743716782043506,0.5886733072880805,-0.0143016290837298,63.26375844000256,90049924000.0,18.290422
253,2023-05-02,28.194284439086918,NVDA,27.50893469737682,26.91249697254827,0.5964377248285508,0.5902261907961747,0.0062115340323761,63.01413744933895,89647194000.0,18.439629
254,2023-05-03,27.78651428222656,NVDA,27.551639248892165,26.9772389954874,0.5744002534047645,0.5870610033178927,-0.0126607499131281,59.61240380170774,89263807000.0,18.195448
255,2023-05-04,27.54664421081543,NVDA,27.550870781495743,27.01941715958577,0.5314536219099679,0.5759395270363078,-0.0444859051263398,55.81765817757603,88941957000.0,15.658809
256,2023-05-05,28.66402244567871,NVDA,27.722124883677736,27.14123977337044,0.5808851103072996,0.5769286436905062,0.0039564666167933,60.77853729193825,89303451000.0,17.0733
257,2023-05-08,29.13475608825684,NVDA,27.93945276130529,27.288907648547205,0.6505451127580848,0.591651937504022,0.0588931752540627,59.77600871384537,89648430000.0,18.93913
258,2023-05-09,28.555082321166992,NVDA,28.034165001284013,27.38269836503756,0.6514666362464538,0.6036148772525084,0.0478517589939454,54.047575712662905,89333561000.0,19.908882
259,2023-05-10,28.8689079284668,NVDA,28.162586990081365,27.492787962328613,0.6697990277527524,0.6168517073525572,0.0529473204001951,62.04519276985896,89702911000.0,21.102247
260,2023-05-11,28.56207847595215,NVDA,28.224047218676876,27.571994667041466,0.652052551635407,0.6238918762091272,0.0281606754262797,59.492553087930574,89380762000.0,18.631346
261,2023-05-12,28.32421112060547,NVDA,28.23945704974281,27.627714404342505,0.6117426454003088,0.6214620300473636,-0.0097193846470547,58.27174042856353,89106540000.0,19.14771
262,2023-05-15,28.93686866760254,NVDA,28.346751144798155,27.724688794213616,0.6220623505845388,0.6215820941547987,0.0004802564297401,67.70697360767831,89400466000.0,18.904774
263,2023-05-16,29.196727752685547,NVDA,28.47751677678083,27.833728717063387,0.6437880597174441,0.6260232872673278,0.0177647724501163,65.66711080577467,89849871000.0,23.484667
264,2023-05-17,30.16118621826172,NVDA,28.736542844700967,28.00613297641141,0.7304098682895557,0.6469006034717735,0.0835092648177822,68.68828406690511,90282406000.0,16.22387
265,2023-05-18,31.660350799560547,NVDA,29.186359453140906,28.276815778126164,0.9095436750147384,0.6994292177803665,0.210114457234372,72.13521412178277,91031131000.0,17.043358
266,2023-05-19,31.24658203125,NVDA,29.503316772849992,28.496798463542746,1.0065183093072498,0.7608470360857432,0.2456712732215066,64.48081208987199,90557223000.0,22.142923
267,2023-05-22,31.158634185791016,NVDA,29.757980990225533,28.69397148000558,1.0640095102199538,0.8214795309125854,0.2425299793073684,69.73127571985114,90185223000.0,19.910896
268,2023-05-23,30.6709041595459,NVDA,29.898430708582517,28.840410937749308,1.058019770833205,0.8687875788967094,0.1892321919364956,68.99683463764151,89828970000.0,17.02262
269,2023-05-24,30.520984649658203,NVDA,29.99420823797877,28.964897879372188,1.0293103586065868,0.9008921348386848,0.1284182237679019,69.82414175445341,89107551000.0,18.124727
270,2023-05-25,37.95883941650391,NVDA,31.219536111598025,29.63111577101157,1.5884203405864523,1.0383977759882386,0.550022564598214,83.6225643074981,90651462000.0,17.633492
271,2023-05-26,38.92430114746094,NVDA,32.404884578653856,30.319499872970784,2.0853847056830723,1.2477951619272054,0.8375895437558669,84.18849061734096,91365859000.0,17.659582
272,2023-02-21,197.3699951171875,TSLA,197.0425807472893,181.59377790961176,15.448802837677562,15.263848816913706,0.1849540207638558,62.60569164228404,14219213000.0,178.87737
273,2023-02-22,200.8600006103516,TSLA,197.62987611083736,183.020905517074,14.608970593763388,15.132873172283643,-0.5239025785202553,60.67624764287917,14411041500.0,189.30083
274,2023-02-23,202.07000732421875,TSLA,198.31297322058836,184.431950095381,13.88102312520732,14.88250316286838,-1.001480037661059,58.075839924963375,14557401500.0,160.9902
275,2023-02-24,196.8800048828125,TSLA,198.09251655323823,185.35402822778332,12.73848832545488,14.453700195385682,-1.7152118699308012,53.87989460254158,14415173400.0,163.88898
276,2023-02-27,207.6300048828125,TSLA,199.5598224500958,187.00410057260032,12.555721877495472,14.074104531807642,-1.5183826543121697,56.7815376649356,14576201700.0,147.87444
277,2023-02-28,205.7100067138672,TSLA,200.5060046445221,188.3897232497312,12.116281394790915,13.682539904404296,-1.5662585096133803,54.69607637119285,14423056800.0,159.44342
278,2023-03-01,202.7700042724609,TSLA,200.8543122795897,189.4549292514149,11.399383028174752,13.225908529158389,-1.8265255009836352,50.79382643098112,14266204000.0,149.33768
279,2023-03-02,190.8999938964844,TSLA,199.32287868218884,189.5619710769756,9.76090760521322,12.532908344369355,-2.772000739156137,41.71209180529883,14084703300.0,155.87904
280,2023-03-03,197.7899932861328,TSLA,199.08705015971867,190.17145420357983,8.915595956138816,11.80944586672325,-2.893849910584434,50.47110208590989,14238896600.0,166.51099
281,2023-03-06,193.80999755859372,TSLA,198.27519591339177,190.4409759335809,7.834219979810882,11.014400689340777,-3.1801807095298944,49.5732640409428,14110796500.0,153.08405
282,2023-03-07,187.7100067138672,TSLA,196.649782190388,190.2386819173058,6.411100273082212,10.093740606089064,-3.682640333006852,37.86342993847481,13962670700.0,168.42026
283,2023-03-08,182.0,TSLA,194.3959695457129,189.62840918269055,4.767560363022341,9.02850455747572,-4.260944194453378,31.980777959126726,13810772900.0,184.90384
284,2023-03-09,172.9199981689453,TSLA,191.0919739492871,188.39074910759837,2.70122484168877,7.76304861431833,-5.06182377262956,33.136445413704976,13640749100.0,185.69617
285,2023-03-10,173.44000244140625,TSLA,188.3762860249977,187.2832863915841,1.0929996334136265,6.42903881813739,-5.336039184723764,28.365812447411244,13832238000.0,173.40765
286,2023-03-13,174.47999572753906,TSLA,186.2383952100041,186.3348944905437,-0.096499280539632,5.123931198401986,-5.220430478941618,33.80959565838022,14000028300.0,175.46803
287,2023-03-14,183.25999450683597,TSLA,185.780179717209,186.1071241213802,-0.3269444041712006,4.033756077887349,-4.36070048205855,38.41800239626012,14143746200.0,178.91876
288,2023-03-15,180.4499969482422,TSLA,184.9601515989064,185.68807766411072,-0.7279260652043149,3.0814196492690167,-3.809345714473332,36.06599003241952,13997750600.0,185.42093
289,2023-03-16,184.1300048828125,TSLA,184.8324367195073,185.57266486549605,-0.7402281459887092,2.317090090217472,-3.0573182362061813,41.61956173761224,14118887400.0,179.88133
290,2023-03-17,180.1300048828125,TSLA,184.1089856677081,185.16950486677877,-1.0605191990705976,1.6415682323598582,-2.7020874314304555,30.16445679861306,13985690300.0,181.0887
291,2023-03-20,183.25,TSLA,183.97683402652228,185.02731932109145,-1.0504852945691423,1.103157526974058,-2.1536428215432006,34.07543579613895,14115374700.0,161.14868
292,2023-03-21,197.5800018310547,TSLA,186.06962907337345,185.9571476551628,0.112481418210649,0.9050223052213764,-0.7925408870107273,46.83188730962841,14268766100.0,184.00034
293,2023-03-22,191.1499938964844,TSLA,186.85122366154437,186.3418029322977,0.5094207292466422,0.8259019900264296,-0.3164812607797874,50.16346279325828,14118389700.0,171.36732
294,2023-03-23,192.22000122070312,TSLA,187.67718943987649,186.77722502773517,0.8999644121413155,0.8407144744494068,0.0592499376919086,46.05803868107926,14262583600.0,156.32098
295,2023-03-24,190.41000366210935,TSLA,188.09762239714303,187.0463197413925,1.0513026557505611,0.8828321107096377,0.1684705450409234,47.51752821917393,14146271200.0,163.27069
296,2023-03-27,191.80999755859372,TSLA,188.66875703736625,187.39918476488887,1.269572272477376,0.9601801430631852,0.3093921294141906,53.21416583749752,14267122800.0,161.67105
297,2023-03-28,189.19000244140625,TSLA,188.7489486379878,187.5318379261124,1.2171107118754492,1.0115662568256385,0.2055444550498109,55.92354766202877,14168468200.0,185.85179
298,2023-03-29,193.8800048828125,TSLA,189.5383419064224,188.0020725154976,1.536269390924815,1.1165068836454737,0.4197625072793414,68.61456978483483,14292128200.0,180.18059
299,2023-03-30,195.27999877929688,TSLA,190.42167373301845,188.54117816466788,1.880495568350568,1.2693046205864926,0.6111909477640756,69.09758581268673,14402380400.0,168.96304
300,2023-03-31,207.4600067138672,TSLA,193.0429557300721,189.942572872016,3.100382858056122,1.6355202680804186,1.4648625899757033,74.13642231463655,14572602500.0,184.82202
301,2023-04-03,194.7700042724609,TSLA,193.30865550582425,190.3001603831601,3.008495122664158,1.9101152389971667,1.0983798836669911,57.967609037055006,14403056600.0,158.13611
302,2023-04-04,192.5800018310547,TSLA,193.19655494047507,190.4690375274485,2.7275174130265327,2.07359567380304,0.6539217392234926,58.46948903417278,14276592800.0,191.12407
303,2023-04-05,185.5200042724609,TSLA,192.015547145396,190.10244247152357,1.913104673872425,2.0414974738169174,-0.1283927999444922,50.92678976385403,14142710300.0,173.43686
304,2023-04-06,185.05999755859372,TSLA,190.94546259358023,189.72892803352875,1.2165345600515138,1.8765048910638369,-0.659970331012323,53.44995929566552,14018852400.0,153.27449
305,2023-04-10,184.50999450683597,TSLA,189.955390580235,189.3423403648848,0.6130502153501709,1.6238139559211038,-1.0107637405709329,50.91462989140079,13876697800.0,151.63693
306,2023-04-11,186.7899932861328,TSLA,189.4684063811424,189.1532776183106,0.3151287628317618,1.3620769173032357,-1.0469481544714738,40.5067699277094,13992468700.0,160.62857
307,2023-04-12,180.5399932861328,TSLA,188.0948043665255,188.5152565566678,-0.4204521901422993,1.0055710958141286,-1.426023285956428,40.635481998537415,13842212400.0,163.39505
308,2023-04-13,185.8999938964844,TSLA,187.7571412172884,188.32153339665425,-0.5643921793658251,0.6915784407781379,-1.2559706201439629,44.81456590825096,13955145400.0,173.68034
309,2023-04-14,185.0,TSLA,187.33296564539785,188.07549388579093,-0.7425282403930851,0.4047571045438933,-1.1472853449369784,45.49391656494988,13858706700.0,164.90125
310,2023-04-17,187.0399932861328,TSLA,187.28789297474168,187.9987901376681,-0.7108971629264147,0.1816262510498317,-0.8925234139762465,46.06889367362589,13975368900.0,173.01836
311,2023-04-18,184.30999755859372,TSLA,186.82975521841124,187.7255462429219,-0.8957910245106291,-0.0338572040622604,-0.8619338204483686,45.98551745572365,13883301900.0,189.12941
312,2023-04-19,180.58999633789065,TSLA,185.86979231371572,187.19698699069733,-1.327194676981577,-0.2925246986461238,-1.0346699783354532,38.8898101593282,13757569200.0,158.89941
313,2023-04-20,162.99000549316406,TSLA,182.34982511055395,185.4038772501393,-3.054052139585366,-0.8448301868339723,-2.2092219527513937,28.759376648008555,13546598400.0,176.79398
314,2023-04-21,165.0800018310547,TSLA,179.69292922140022,183.89840499687375,-4.205475775473559,-1.51695930456189,-2.688516470911669,17.854963690924265,13670137400.0,152.55283
315,2023-04-24,162.5500030517578,TSLA,177.05555596453215,182.31704188982812,-5.261485925296,-2.2658646287087123,-2.995621296587288,21.10830953023381,13530130800.0,179.77614
316,2023-04-25,160.6699981689453,TSLA,174.53470091905723,180.71355716976277,-6.178856250705508,-3.048462953108072,-3.130393297597436,21.22631722331225,13408131500.0,187.54369
317,2023-04-26,153.75,TSLA,171.33705462381766,178.7162566386692,-7.379202014851529,-3.914610765456763,-3.464591249394766,21.28004480253365,13254767400.0,169.35815
318,2023-04-27,160.19000244140625,TSLA,169.62212351883127,177.34394151294603,-7.721817994114758,-4.676052211188362,-3.045765782926396,29.71120571613514,13381782600.0,150.6051
319,2023-04-28,164.30999755859375,TSLA,168.80487337110242,176.378464182994,-7.573590811891592,-5.255559931329008,-2.318030880562583,34.427993938827896,13504298400.0,169.43391
320,2023-05-01,161.8300018310547,TSLA,167.7318162110951,175.30080030507258,-7.568984093977491,-5.7182447638587055,-1.8507393301187856,30.81770358157217,13395283400.0,164.75893
321,2023-05-02,160.30999755859375,TSLA,166.5899979568641,174.1903704720001,-7.6003725151360015,-6.094670314114165,-1.5057022010218368,33.23387589360574,13267023700.0,166.7407
322,2023-05-03,160.61000061035156,TSLA,165.66999836509294,173.18441714891503,-7.514418783822094,-6.378620008055751,-1.135798775766343,27.121399226376,13386751700.0,150.48207
323,2023-05-04,161.1999969482422,TSLA,164.9823058394236,172.29668231923557,-7.314376479811983,-6.565771302406999,-0.7486051774049844,28.347877220000683,13481860200.0,172.01508
324,2023-05-05,170.05999755859375,TSLA,165.76348918083437,172.13100196659542,-6.3675127857610505,-6.52611959907781,0.1586068133167595,36.257688364466325,13589301100.0,170.3436
325,2023-05-08,171.7899932861328,TSLA,166.69064365857258,172.10574206433893,-5.415098405766344,-6.303915360415518,0.8888169546491742,39.70055308731981,13701550500.0,183.93388
326,2023-05-09,169.14999389648438,TSLA,167.06900523363595,171.88679775560897,-4.817792521973018,-6.006690792727019,1.1888982707540006,40.4187554856258,13612585500.0,195.68958
327,2023-05-10,168.5399932861328,TSLA,167.29531108786622,171.63888631342556,-4.343575225559334,-5.674067679293483,1.3304924537341485,56.4972944314519,13492744800.0,173.93274
328,2023-05-11,172.0800018310547,TSLA,168.03141735604908,171.67156153695365,-3.6401441809045703,-5.2672829796157,1.6271387987111297,57.92572398041512,13596634700.0,187.88074
329,2023-05-12,167.97999572753906,TSLA,168.0235063362783,171.39811221773775,-3.374605881459445,-4.888747559984449,1.5141416785250046,55.93701221436909,13439057600.0,164.92802
330,2023-05-15,166.35000610351562,TSLA,167.7660447620071,171.02417843149905,-3.25813366949194,-4.562624781885948,1.3044911123940075,56.24451238803762,13333465100.0,165.97266
331,2023-05-16,166.52000427246094,TSLA,167.57434622515385,170.69053590119992,-3.1161896760460763,-4.273337760717974,1.1571480846718971,66.48593555534632,13431753900.0,192.50052
332,2023-05-17,173.86000061035156,TSLA,168.5413699767227,170.9253110648408,-2.383941088118064,-3.895458426197992,1.511517338079928,67.247037279892,13557227500.0,161.474
333,2023-05-18,176.88999938964844,TSLA,169.82577450178823,171.36713982964136,-1.5413653278531283,-3.42463980652902,1.883274478675891,66.32071097892631,13666747800.0,158.8042
334,2023-05-19,180.13999938964844,TSLA,171.4125783306898,172.01698127853078,-0.6044029478409811,-2.860592434791412,2.25618948695043,73.28923772038102,13802772000.0,180.88689
335,2023-05-22,188.8699951171875,TSLA,174.09833475938174,173.26535267398685,0.8329820853949172,-2.121877530754146,2.9548596161490632,80.69647925991575,13934773400.0,172.29582
336,2023-05-23,185.7700042724609,TSLA,175.8939762229324,174.19162316276268,1.7023530601697132,-1.357031412569374,3.0593844727390875,75.50690946261935,13777821300.0,156.6881
337,2023-05-24,182.8999938964844,TSLA,176.97182509578656,174.83668766155688,2.1351374342296765,-0.6585976432095639,2.7937350774392407,71.02713255661351,13640216200.0,142.61876
338,2023-05-25,184.47000122070312,TSLA,178.125390653466,175.55026644371586,2.575124209750157,-0.0118532726176197,2.586977482367777,66.2604428527153,13737086900.0,177.10143
339,2023-05-26,193.1699981689453,TSLA,180.43994565584745,176.85543175669582,3.5845138991516308,0.7074201617362305,2.8770937374154,70.84633911052684,13899148400.0,170.16426
